passengerId,name,age,gender,occupationemail,,mobileNum,nationality,cancellationHistory,bookingHistory,addressCity,addressState
101,Dharshini,20,Female,Government,a@gmail.com,9952127957,Indian,[1001],"[1002,1003]",Sivakasi,Tamil Nadu
102,Emily Johnson,10,Female,Government,emily.johnson@gmail.com,9894903888,Indian,"[1004,1005]",[1017],Kolkata,West Bengal
103,Michael Brown,56,Male,Private,michael.brown@gmail.com,7856341234,Indian,,[1018],Shillong,Meghalaya
104,Olivia Davis,17,Female,Government,olivia.davis@gmail.com,5678123498,Indian,[1006],[1019],Chennai,Tamil Nadu
105,William Wilson,72,Male,Private,william.wilson@gmail.com,6543987652,Indian,,[1020],Patna,Bihar
106,Emma Anderson,3,Female,Government,emma.anderson@gmail.com,1234876529,Indian,,[1021],Bhubaneshwar,Odisha
107,Daniel Taylor,43,Male,Government,daniel.taylor@gmail.com,9876543210,Indian,,[1022],Kohima,Nagaland
108,Ava Martinez,25,Female,Private,ava.martinez@gmail.com,8765432109,Indian,,"[1023,1024]",Srinagar,Jammu and Kashmir
109,James White,8,Male,Private,james.white@gmail.com,7654321098,Indian,,[1025],Aizawl,Mizoram
110,Sophia Lee,63,Female,Government,sophia.lee@gmail.com,6543210987,Indian,,[1026],Ahmedabad,Gujarat
111,Matthew Harris,12,Male,Government,matthew.harris@gmail.com,5432109876,Indian,,[1027],Bhilai,Chhattisgarh
112,Isabella Clark,31,Female,Private,isabella.clark@gmail.com,4321098765,Indian,,[1028],Lucknow,Uttar Pradesh
113,Joseph Turner,44,Male,Government,joseph.turner@gmail.com,3210987654,Indian,,[1029],Mumbai,Maharashtra
114,Mia Rodriguez,19,Female,Government,mia.rodriguez@gmail.com,2109876543,Indian,,[1030],New Delhi,Delhi
115,David Martinez,59,Male,Private,david.martinez@gmail.com,1098765432,Indian,,"[1031,1032]",Chennai,Tamil Nadu
116,Charlotte Wilson,38,Female,Private,charlotte.wilson@gmail.com,987654321,Indian,,"[1033,10334,1035]",Guwahati,Assam
117,Benjamin King,6,Male,Government,benjamin.king@gmail.com,5555123456,Indian,,[1036],Vijayawada,Andhra Pradesh
118,Amelia Garcia,71,Female,Private,amelia.garcia@gmail.com,7777999999,Indian,,[1037],Imphal,Manipur
119,Christopher Taylor,49,Male,Private,christopher.taylor@gmail.com,9999888888,Indian,,[1038],Port Blair,Andaman and Nicobar Islands
120,Harper Lewis,22,Female,Government,harper.lewis@gmail.com,1111222333,Indian,,,Panaji,Goa
121,Samuel Wright,53,Male,Government,samuel.wright@gmail.com,2222333444,Indian,,,Thiruvananthapuram,Kerala
122,Abigail Adams,9,Female,Private,abigail.adams@gmail.com,3333444555,Indian,,,Shimla,Himachal Pradesh
123,Henry Parker,69,Male,Private,henry.parker@gmail.com,4444555666,Indian,,,Ranchi,Jharkhand
124,Grace Turner,76,Female,Government,grace.turner@gmail.com,6666555444,Indian,,,Dehradun,Uttarakhand
125,Alexander Jackson,36,Male,Government,alexander.jackson@gmail.com,7777666555,Indian,,,Agartala,Tripura
126,Evelyn Anderson,5,Female,Government,evelyn.anderson@gmail.com,8888777666,Indian,,,Chandigarh,Chandigarh
127,Andrew Hernandez,60,Male,Private,andrew.hernandez@gmail.com,1234876529,Indian,[1007],[1039],Jaipur,Rajasthan
128,Ella Thompson,27,Female,Government,ella.thompson@gmail.com,5555999999,Indian,[1008],[1040],Gangtok,Sikkim
129,Oliver Rodriguez,66,Male,Private,oliver.rodriguez@gmail.com,7777777999,Indian,"[1009,1010]",[1041],Patna,Bihar
130,Mia Davis,13,Female,Government,mia.davis@gmail.com,1234567890,Indian,,[1042],Kohima,Nagaland
131,Daniel Johnson,52,Male,Private,daniel.johnson@gmail.com,9876545678,Indian,,[1043],Silvassa,Dadra and Nagar Haveli 
132,Sofia Martinez,78,Female,Government,sofia.martinez@gmail.com,6549876543,Indian,,[1044],Gandhi Nagar,Daman and Diu
133,William Miller,24,Male,Private,william.miller@gmail.com,6789123456,Indian,,[1045],Raipur,Gujarat
134,Ava Thomas,48,Female,Private,ava.thomas@gmail.com,1357924680,Indian,,[1046],Hyderabad,Chhattisgarh
135,Liam Lewis,10,Male,Government,liam.lewis@gmail.com,8642097531,Indian,,[1047],Aizawl,Telangana
136,Emily Anderson,41,Female,Government,emily.anderson@gmail.com,3698521470,Indian,,[1048],Mumbai,Mizoram
137,Jackson Clark,2,Male,Private,jackson.clark@gmail.com,7896541230,Indian,,[1049],Bhopal,Maharashtra
138,Scarlett Davis,65,Female,Government,scarlett.davis@gmail.com,2143658790,Indian,,[1050],Chennai,Madhya Pradesh
139,Lucas Harris,15,Male,Private,lucas.harris@gmail.com,5263479850,Indian,,[1051],Lucknow,Tamil Nadu
140,Harper Moore,74,Female,Government,harper.moore@gmail.com,8423915760,Indian,,[1052],Kolkata,Uttar Pradesh
141,Aiden Smith,34,Male,Private,aiden.smith@gmail.com,7985641320,Indian,,[1053],New Delhi,West Bengal
142,Abigail Turner,7,Female,Government,abigail.turner@gmail.com,6312974580,Indian,,[1054],Leh,Delhi
143,Daniel Adams,50,Male,Private,daniel.adams@gmail.com,4178269350,Indian,,[1055],Port Blair,Ladakh
144,Chloe Martinez,18,Female,Government,chloe.martinez@gmail.com,9826147530,Indian,,[1056],Pondicherry,Andaman and Nicobar Islands
145,James Walker,61,Male,Government,james.walker@gmail.com,3692581470,Indian,,[1057],Kavaratti,Puducherry
146,Emma Lewis,28,Female,Private,emma.lewis@gmail.com,1112223333,Indian,[1011],[1058],Chandigarh,Lakshadweep
147,Joseph Turner,75,Male,Government,joseph.turner@gmail.com,4445556666,Indian,,[1059],Silvassa,Chandigarh
148,Olivia Robinson,14,Female,Private,olivia.robinson@gmail.com,5555999900,Indian,,[1060],Daman,Dadra and Nagar Haveli 
149,Benjamin Thomas,33,Male,Private,benjamin.thomas@gmail.com,8765432100,Indian,,[1061],Vijayawada,Daman and Diu
150,Isabella Martinez,64,Female,Government,isabella.martinez@gmail.com,1111222333,Indian,,[1062],Tezu,Daman and Diu
151,Samuel Jackson,11,Male,Private,samuel.jackson@gmail.com,2222333444,Indian,,[1063],Guwahati,Andhra Pradesh
152,Grace White,46,Female,Private,grace.white@gmail.com,3333444555,Indian,,[1064],Nalanda,Arunachal Pradesh
153,Michael Davis,21,Male,Government,michael.davis@gmail.com,4444555666,Indian,,[1065],Bhilai,Assam
154,Emily Anderson,68,Female,Private,emily.anderson@gmail.com,6666555444,Indian,,[1066],Mapusa,Meghalaya
155,Daniel Smith,30,Male,Government,daniel.smith@gmail.com,7777666555,Indian,,[1067],Ahmedabad,Tamil Nadu
156,Ava Martinez,57,Female,Government,ava.martinez@gmail.com,8888777666,Indian,,[1068],Faridabad,Andhra Pradesh
157,William Wilson,16,Male,Private,william.wilson@gmail.com,1234876529,Indian,,[1069],Dharamshala,Tamil Nadu
158,Mia Turner,55,Female,Government,mia.turner@gmail.com,5555999999,Indian,,[1070],Jammu,Telangana
159,James Thompson,32,Male,Private,james.thompson@gmail.com,7777777999,Indian,,[1071],Madurai,Tripura
160,Sophia Robinson,67,Female,Private,sophia.robinson@gmail.com,1234567890,Indian,,[1072],Shillong,Uttar Pradesh
161,Henry Hernandez,20,Male,Government,henry.hernandez@gmail.com,9876545678,Indian,,[1073],Chennai,Uttarakhand
162,Charlotte Lewis,70,Female,Government,charlotte.lewis@gmail.com,6549876543,Indian,,[1074],Vijayawada,West Bengal
163,David Moore,1,Male,Private,david.moore@gmail.com,6789123456,Indian,,[1075],Chennai,Delhi
164,Mia Anderson,47,Female,Private,mia.anderson@gmail.com,1357924680,Indian,,[1076],Hyderabad,Ladakh
165,Alexander Turner,26,Male,Government,alexander.turner@gmail.com,8642097531,Indian,,[1077],Agartala,Andaman and Nicobar Islands
166,Amelia Garcia,62,Female,Private,amelia.garcia@gmail.com,3698521470,Indian,,[1078],Lucknow,Puducherry
167,Benjamin Lee,39,Male,Government,benjamin.lee@gmail.com,7896541230,Indian,,[1079],Dehradun,Lakshadweep
168,Ella Taylor,73,Female,Private,ella.taylor@gmail.com,2143658790,Indian,,,Kolkata,Chandigarh
169,Samuel Adams,35,Male,Government,samuel.adams@gmail.com,5263479850,Indian,[1012],,New Delhi,Dadra and Nagar Haveli 
170,Olivia Rodriguez,4,Female,Government,olivia.rodriguez@gmail.com,8423915760,Indian,[1013],,Leh,Daman and Diu
171,William White,79,Male,Private,william.white@gmail.com,7985641320,Indian,[1014],,Port Blair,Daman and Diu
172,Scarlett Miller,23,Female,Private,scarlett.miller@gmail.com,6312974580,Indian,[1015],,Pondicherry,Andhra Pradesh
173,Joseph Smith,51,Male,Government,joseph.smith@gmail.com,4178269350,Indian,,,Kavaratti,Assam
174,Emma Davis,29,Female,Government,emma.davis@gmail.com,9826147530,Indian,,,Chandigarh,Bihar
175,Noah Taylor,58,Male,Private,noah.taylor@gmail.com,3692581470,Indian,,,Silvassa,Goa
176,Grace Lewis,40,Female,Private,grace.lewis@gmail.com,5555123456,Indian,,,Daman,Gujarat
177,Daniel Wilson,77,Male,Government,daniel.wilson@gmail.com,7777999999,Indian,,,Vijayawada,Haryana
178,Harper Martin,6,Female,Government,harper.martin@gmail.com,9999888888,Indian,,,Tezu,Himachal Pradesh
179,Michael Turner,38,Male,Private,michael.turner@gmail.com,1111222333,Indian,,,Guwahati,Jammu and Kashmir
180,Sophia Moore,18,Female,Private,sophia.moore@gmail.com,2222333444,Indian,,,Nalanda,Tamil Nadu
181,Aiden Clark,12,Male,Government,aiden.clark@gmail.com,3333444555,Indian,,,Bhilai,Meghalaya
182,Abigail Harris,33,Female,Private,abigail.harris@gmail.com,4444555666,Indian,,,Mapusa,Tamil Nadu
183,James King,62,Male,Private,james.king@gmail.com,6666555444,Indian,,,Ahmedabad,Telangana
184,Olivia Jackson,25,Female,Government,olivia.jackson@gmail.com,7777666555,Indian,,,Faridabad,Gujarat
185,Benjamin Miller,3,Male,Private,benjamin.miller@gmail.com,8888777666,Indian,,,Dharamshala,Andhra Pradesh
186,Mia Adams,59,Female,Government,mia.adams@gmail.com,1234876529,Indian,,,Jammu,Rajasthan
187,Alexander Thomas,21,Male,Private,alexander.thomas@gmail.com,5555999999,Indian,,,Madurai,Sikkim
188,Amelia Walker,9,Female,Government,amelia.walker@gmail.com,7777777999,Indian,,,Kolkata,Bihar
189,Lucas Wilson,57,Male,Government,lucas.wilson@gmail.com,1234567890,Indian,,,Shillong,Nagaland
190,Charlotte Robinson,45,Female,Private,charlotte.robinson@gmail.com,9876545678,Indian,,,Chennai,Dadra and Nagar Haveli 
191,William Wright,15,Male,Private,william.wright@gmail.com,6549876543,Indian,,,Patna,Daman and Diu
192,Scarlett Lewis,52,Female,Government,scarlett.lewis@gmail.com,6789123456,Indian,,,Bhubaneshwar,Gujarat
193,Samuel Davis,29,Male,Government,samuel.davis@gmail.com,1357924680,Indian,,,Kohima,Chhattisgarh
194,Harper Martinez,7,Female,Private,harper.martinez@gmail.com,8642097531,Indian,,,Srinagar,Telangana
195,Sophia Smith,75,Male,Private,sophia.smith@gmail.com,3698521470,Indian,,,Aizawl,Assam
196,Daniel Hernandez,48,Female,Government,daniel.hernandez@gmail.com,7896541230,Indian,,,Ahmedabad,Bihar
197,Isabella Turner,14,Male,Government,isabella.turner@gmail.com,2143658790,Indian,,,Bhilai,Nagaland
198,Emily Anderson,69,Female,Private,emily.anderson@gmail.com,5263479850,Indian,,[1080],Lucknow,Jammu and Kashmir
199,Joseph Thompson,30,Male,Private,joseph.thompson@gmail.com,8423915760,Indian,,[1081],Mumbai,Meghalaya
200,Ella Lewis,60,Female,Government,ella.lewis@gmail.com,7985641320,Indian,,"[1082,1083]",New Delhi,Tamil Nadu
201,David Turner,5,Male,Private,david.turner@gmail.com,6312974580,Indian,,[1084],Chennai,Andhra Pradesh
202,Grace Thomas,71,Female,Government,grace.thomas@gmail.com,4178269350,Indian,,[1085],Guwahati,Tamil Nadu
203,Andrew Smith,22,Male,Government,andrew.smith@gmail.com,9826147530,Indian,,[1086],Vijayawada,Telangana
204,Benjamin Taylor,68,Female,Private,benjamin.taylor@gmail.com,3692581470,Indian,,[1087],Imphal,Chandigarh
205,Olivia Adams,31,Male,Government,olivia.adams@gmail.com,5555123456,Indian,,[1088],Port Blair,Dadra and Nagar Haveli 
206,Abigail Jackson,19,Female,Private,abigail.jackson@gmail.com,7777999999,Indian,,[1089],Panaji,Daman and Diu
207,William Martin,53,Male,Government,william.martin@gmail.com,9999888888,Indian,,[1090],Thiruvananthapuram,Chandigarh
208,Harper Turner,74,Female,Government,harper.turner@gmail.com,1111222333,Indian,,[1091],Shimla,Daman and Diu
209,Mia Rodriguez,11,Male,Private,mia.rodriguez@gmail.com,2222333444,Indian,,[1092],Ranchi,Andhra Pradesh
210,Samuel White,67,Female,Private,samuel.white@gmail.com,3333444555,Indian,,[1093],Dehradun,Madhya Pradesh
211,James Harris,41,Male,Government,james.harris@gmail.com,4444555666,Indian,,[1094],Agartala,Tamil Nadu
212,Charlotte Smith,2,Female,Private,charlotte.smith@gmail.com,6666555444,Indian,,[1095],Chandigarh,Uttar Pradesh
213,Sophia Adams,64,Male,Government,sophia.adams@gmail.com,7777666555,Indian,,[1096],Jaipur,West Bengal
214,Emily Wilson,23,Female,Government,emily.wilson@gmail.com,8888777666,Indian,,[1097],Gangtok,Ladakh
215,Liam Garcia,47,Male,Private,liam.garcia@gmail.com,1234876529,Indian,,[1098],Patna,Andaman and Nicobar Islands
216,Daniel Robinson,28,Female,Private,daniel.robinson@gmail.com,5555999999,Indian,,[1099],Kohima,Puducherry
217,Grace Turner,50,Male,Government,grace.turner@gmail.com,7777777999,Indian,,[1100],Silvassa,Lakshadweep
218,Isabella Martinez,4,Female,Government,isabella.martinez@gmail.com,1234567890,Indian,,[1101],Gandhi Nagar,Chandigarh
219,William Miller,56,Male,Private,william.miller@gmail.com,9876545678,Indian,,[1102],Raipur,Dadra and Nagar Haveli 
220,Alexander Moore,76,Female,Private,alexander.moore@gmail.com,6549876543,Indian,,[1103],Hyderabad,Daman and Diu
221,Ella Davis,8,Male,Government,ella.davis@gmail.com,6789123456,Indian,,[1104],Aizawl,Daman and Diu
222,Joseph Clark,36,Female,Government,joseph.clark@gmail.com,1357924680,Indian,,[1105],Mumbai,Andhra Pradesh
223,Mia Thompson,1,Male,Private,mia.thompson@gmail.com,8642097531,Indian,,[1106],Bhopal,Arunachal Pradesh
224,Sophia Lee,43,Female,Government,sophia.lee@gmail.com,3698521470,Indian,,[1107],Chennai,Assam
225,Benjamin Turner,58,Male,Private,benjamin.turner@gmail.com,7896541230,Indian,,[1108],Lucknow,Chhattisgarh
226,Olivia Martinez,34,Female,Private,olivia.martinez@gmail.com,2143658790,Indian,,[1109],Kolkata,Goa
227,James Lewis,79,Male,Government,james.lewis@gmail.com,5263479850,Indian,,[1110],New Delhi,Gujarat
228,Emma Taylor,10,Female,Government,emma.taylor@gmail.com,8423915760,Indian,,[1111],Leh,Haryana
229,Samuel Wright,37,Male,Government,samuel.wright@gmail.com,7985641320,Indian,,,Port Blair,Himachal Pradesh
230,Ava Harris,66,Female,Private,ava.harris@gmail.com,6312974580,Indian,,,Pondicherry,Jammu and Kashmir
231,Emily Adams,16,Male,Private,emily.adams@gmail.com,4178269350,Indian,,,Kavaratti,Tamil Nadu
232,Michael Walker,44,Female,Government,michael.walker@gmail.com,9826147530,Indian,,,Chandigarh,Meghalaya
233,Isabella White,65,Male,Private,isabella.white@gmail.com,3692581470,Indian,,,Silvassa,Tamil Nadu
234,Joseph Taylor,26,Female,Private,joseph.taylor@gmail.com,5555123456,Indian,,,Daman,Telangana
235,Amelia Turner,70,Male,Government,amelia.turner@gmail.com,7777999999,Indian,,,Vijayawada,Gujarat
236,William Anderson,20,Female,Government,william.anderson@gmail.com,9999888888,Indian,,,Tezu,Chhattisgarh
237,Sophia Lewis,78,Male,Government,sophia.lewis@gmail.com,1111222333,Indian,,,Guwahati,Telangana
238,Mia Moore,63,Female,Private,mia.moore@gmail.com,2222333444,Indian,,,Nalanda,Assam
239,Alexander Garcia,27,Male,Government,alexander.garcia@gmail.com,3333444555,Indian,,,Bhilai,Bihar
240,Olivia Martin,32,Female,Private,olivia.martin@gmail.com,4444555666,Indian,,,Mapusa,Goa
241,Benjamin Hernandez,46,Male,Private,benjamin.hernandez@gmail.com,6666555444,Indian,,,Ahmedabad,Gujarat
242,Ella Robinson,17,Female,Government,ella.robinson@gmail.com,7777666555,Indian,,,Faridabad,Haryana
243,Samuel Clark,55,Male,Private,samuel.clark@gmail.com,8888777666,Indian,,,Dharamshala,Jammu and Kashmir
244,Ava Adams,54,Female,Private,ava.adams@gmail.com,1234876529,Indian,,,Jammu,Meghalaya
245,James Davis,13,Male,Government,james.davis@gmail.com,5555999999,Indian,,,Madurai,Tamil Nadu
246,Emily Martinez,72,Female,Private,emily.martinez@gmail.com,7777777999,Indian,,,Shillong,Andhra Pradesh
247,Harper Turner,6,Male,Government,harper.turner@gmail.com,1234567890,Indian,,,Chennai,Tamil Nadu
248,William Jackson,39,Female,Government,william.jackson@gmail.com,9876545678,Indian,,,Vijayawada,Telangana
249,Grace Smith,45,Male,Private,grace.smith@gmail.com,6549876543,Indian,,,Chennai,Tamil Nadu
250,Daniel Taylor,31,Female,Government,daniel.taylor@gmail.com,6789123456,Indian,[1016],,Hyderabad,Telangana
